﻿EmployeeID,LastName,FirstName,HireDate,Address,City,PostalCode,Country
1,Davolio,Nancy,00:00.0,507 - 20th Ave. E. Apt. 2A,Seattle,98122,USA
2,Fuller,Andrew,00:00.0,908 W. Capital Way,Tacoma,98401,USA
3,Leverling,Janet,00:00.0,722 Moss Bay Blvd.,Kirkland,98033,USA
4,Peacock,Margaret,00:00.0,4110 Old Redmond Rd.,Redmond,98052,USA
5,Buchanan,Steven,00:00.0,14 Garrett Hill,London,SW1 8JR,UK
6,Suyama,Michael,00:00.0,Coventry House Miner Rd.,London,EC2 7JR,UK
7,King,Robert,00:00.0,Edgeham Hollow Winchester Way,London,RG1 9SP,UK
8,Callahan,Laura,00:00.0,4726 - 11th Ave. N.E.,Seattle,98105,USA
9,Dodsworth,Anne,00:00.0,7 Houndstooth Rd.,London,WG2 7LT,UK
